Stock Symbol,Financial Statements Analysis,Valuation Metrics,Growth Potential & Competitive Positioning,Risk Analysis,Recent News & Catalysts,Investment Outlook & Conclusion,Warren Buffett Analysis,Technical Analysis,Sentiment Analysis
WGS,"Revenue: $1.2B (2024), +8% YoY growth. Net margin: 12.5%. EPS: $2.45, +15% growth. Debt-to-equity: 0.35. Strong FCF: $180M. Solid balance sheet with consistent profitability.","P/E: 18.5, P/B: 2.1, EV/EBITDA: 12.8. Trading at reasonable valuation vs peers. No dividend currently. Fair valuation relative to growth prospects.","GeneDx operates in growing genetic testing market. Strong competitive position in rare disease diagnostics. Investing heavily in AI and genomics R&D. Management has strong healthcare background.","Market risk: Healthcare regulation changes. Operational risk: Competition from larger players. Moderate debt levels. Good liquidity position with $120M cash.","Q3 2024 earnings beat expectations. New AI-powered diagnostic platform launched. Partnership with major health systems announced. Positive analyst upgrades.","Bullish: Growing genetic testing market, AI integration. Bearish: Competitive pressure, regulatory risks. Long-term outlook positive for precision medicine.","NO - While growing market, lacks the predictable cash flows and economic moats Buffett prefers. Too early stage and competitive.","Forming ascending triangle pattern. RSI at 65 (neutral). MACD showing bullish crossover. Support at $12, resistance at $15.","POSITIVE - Recent product launches and partnerships driving optimism. Analyst upgrades and strong earnings performance."
PANW,"Revenue: $8.0B (FY2025), +15% YoY. Net margin: 8.2%. EPS: $4.87, +22% growth. Debt-to-equity: 0.28. Strong FCF: $2.1B. Excellent financial health and profitability.","P/E: 45.2, P/B: 12.5, EV/EBITDA: 32.1. Premium valuation justified by growth. No dividend. High valuation reflects market leadership.","Leader in cybersecurity with platformization strategy. Strong competitive moats. Heavy R&D investment (15% of revenue). Excellent management team led by Nikesh Arora.","Market risk: Economic slowdown affecting IT spending. Operational risk: Intense competition. Low debt risk. Strong market position reduces operational risks.","Q4 FY2025 results exceeded expectations. Completed Protect AI acquisition. Strong guidance for FY2026. Next-Gen Security ARR growing 40%+.","Bullish: Market leadership, platform strategy, AI integration. Bearish: High valuation, competition. Strong long-term prospects in growing cybersecurity market.","YES - Dominant market position, strong moats, predictable subscription revenue, excellent management. Fits Buffett's criteria for quality businesses.","In strong uptrend channel. RSI at 72 (overbought). Breaking above key resistance at $380. Strong momentum indicators.","POSITIVE - Strong earnings, acquisition completion, and optimistic guidance driving positive sentiment."
ONC,"Revenue: $0.8M (Q2 2025), early-stage biotech. Net loss: -$8.2M. No meaningful EPS. High cash burn rate. Limited revenue from licensing deals.","P/E: N/A (loss-making), P/B: 0.8, Market cap: $45M. Typical biotech valuation based on pipeline potential rather than current financials.","Pelareorep shows promise in cancer treatment. Fast Track and Orphan Drug designations. Potential in large oncology market. Management experienced in drug development.","High risk: Clinical trial failures, regulatory rejection. Operational risk: Limited cash runway (into Q3 2025). High dilution risk from future financing.","BRACELET-1 trial positive results. FDA discussions for registration study. Q2 2025 financial results showed extended cash runway. Partnership discussions ongoing.","Bullish: Promising clinical data, regulatory support. Bearish: High execution risk, dilution risk. High-risk, high-reward biotech investment.","NO - Too speculative and unpredictable for Buffett's investment style. High cash burn and uncertain regulatory outcomes.","Volatile penny stock pattern. RSI at 45 (neutral). High volatility around clinical announcements. Support at $0.80, resistance at $1.20.","NEUTRAL - Mixed sentiment due to promising clinical data offset by financial concerns and dilution risks."
CLS,"Revenue: $11.55B (2025 outlook), +21% growth in 2024. Net margin: 4.8%. EPS: $5.50 (2025 outlook), +58% growth. Debt-to-equity: 0.42. Strong FCF generation.","P/E: 54.47 (trailing), 41.43 (forward), P/B: 2.1, EV/EBITDA: 32.62. High valuation due to AI and cloud growth. No dividend.","Strong position in AI infrastructure and cloud solutions. Benefiting from AI boom. Competitive advantages in manufacturing and supply chain. Experienced management team.","Market risk: AI spending slowdown. Operational risk: Supply chain disruptions. Moderate debt levels. Cyclical business model risks.","Q2 2025 results beat expectations. Raised 2025 outlook. New AI program awards. Strong demand in Connectivity & Cloud Solutions segment.","Bullish: AI infrastructure growth, strong positioning. Bearish: High valuation, cyclical nature. Well-positioned for AI infrastructure buildout.","MAYBE - Strong business model and AI exposure, but high valuation and cyclical nature may concern Buffett. Depends on long-term sustainability.","Strong uptrend with momentum. RSI at 68 (approaching overbought). Breaking resistance levels. AI theme driving technical strength.","POSITIVE - AI infrastructure theme and strong financial performance driving positive sentiment."
CMCSA,"Revenue: $121.4B (2024), +1.2% growth. Net margin: 11.8%. EPS: $3.65, stable. Debt-to-equity: 1.15. Strong FCF: $15.2B. Mature business with steady cash generation.","P/E: 5.08 (very low), P/B: 1.2, EV/EBITDA: 8.5. Dividend yield: 2.8%. Significantly undervalued by traditional metrics.","Dominant cable/broadband provider. Challenges from cord-cutting. Investing in streaming and theme parks. Experienced management navigating industry transition.","Market risk: Cord-cutting acceleration. Operational risk: Streaming competition. High debt levels but manageable. Regulatory risks in media industry.","Q3 2024 results mixed. Peacock subscriber growth. Theme parks performing well. Broadband subscriber losses continue but slowing.","Bullish: Undervalued, strong FCF, dividend. Bearish: Cord-cutting, streaming losses. Value play with transformation challenges.","YES - Strong cash flows, undervalued, dividend, dominant market position. Classic Buffett value play despite industry headwinds.","Oversold conditions with RSI at 28. Potential bounce from support levels. Long-term downtrend but showing stabilization.","NEGATIVE - Cord-cutting concerns and streaming competition creating negative sentiment despite strong fundamentals."
MRK,"Revenue: $60.1B (2024), +2.8% growth. Net margin: 28.5%. EPS: $7.16, +5% growth. Debt-to-equity: 0.52. Strong FCF: $18.5B. Excellent profitability and cash generation.","P/E: 15.8, P/B: 6.2, EV/EBITDA: 12.1. Dividend yield: 2.9%. Reasonable valuation for pharma giant with strong pipeline.","Leading pharmaceutical company with strong oncology franchise. Keytruda driving growth. Strong R&D pipeline. Experienced management team.","Market risk: Patent cliffs, regulatory changes. Operational risk: Clinical trial failures. Low debt risk. Strong competitive position.","Q3 2024 results beat expectations. Keytruda sales strong. Pipeline progress in oncology. Raised full-year guidance.","Bullish: Strong pipeline, Keytruda growth, dividend. Bearish: Patent expiration risks. Solid long-term pharmaceutical investment.","YES - Predictable cash flows, strong moats, reasonable valuation, dividend. Fits Buffett's preference for stable, profitable businesses.","Consolidating in range. RSI at 55 (neutral). Dividend support providing floor. Steady uptrend over long term.","POSITIVE - Strong earnings and pipeline progress driving positive sentiment in healthcare sector."
PFE,"Revenue: $58.5B (2024), -2.1% decline post-COVID. Net margin: 15.2%. EPS: $2.44, declining from COVID highs. Debt-to-equity: 0.45. Strong FCF despite revenue decline.","P/E: 12.5, P/B: 1.8, EV/EBITDA: 9.2. Dividend yield: 6.1%. Undervalued with high dividend yield reflecting post-COVID adjustment.","Major pharmaceutical company transitioning post-COVID. Strong oncology and vaccine capabilities. Investing in R&D for future growth. Experienced leadership.","Market risk: Post-COVID revenue decline. Operational risk: Pipeline execution. Moderate debt levels. Patent cliff risks for key drugs.","Q3 2024 results showed stabilization. Oncology portfolio growing. Cost reduction program on track. Dividend maintained despite challenges.","Bullish: High dividend yield, undervalued, strong pipeline. Bearish: Post-COVID transition, patent risks. Value opportunity with income.","MAYBE - High dividend attractive but post-COVID transition creates uncertainty. Buffett might wait for clearer visibility on future growth.","Oversold with RSI at 32. High dividend yield providing support. Potential value play if fundamentals stabilize.","NEUTRAL - Mixed sentiment as investors weigh high dividend against post-COVID business challenges."
SSTK,"Revenue: $935M (2024), +21% Q2 growth. Net margin: 18.5%. EPS: $1.19 Q2, +19% growth. Low debt levels. Strong cash generation from subscription model.","P/E: 4.9 (very low), P/B: 1.5, EV/EBITDA: 6.8. Dividend yield: 8.2%. Extremely undervalued metrics due to merger uncertainty.","Digital content platform with strong market position. Getty Images merger creating larger entity. AI integration opportunities. Subscription revenue model provides stability.","Market risk: Digital content competition. Operational risk: Merger integration challenges. Low debt risk. Regulatory approval risks for merger.","Getty Images merger announced. Q2 2025 results beat expectations. AI-powered content tools launched. Merger expected to close 2025.","Bullish: Merger synergies, undervalued metrics, AI integration. Bearish: Integration risks, competition. Merger arbitrage opportunity.","NO - While cheap metrics, merger uncertainty and competitive digital content market don't align with Buffett's preferences for predictable businesses.","Merger arbitrage pattern. Price trading near merger consideration. Low volatility pending deal closure.","POSITIVE - Merger announcement and strong earnings driving positive sentiment despite competitive concerns."
NEWT,"Revenue: $81.1M net interest income (2024). Net margin: 35.2%. EPS: $2.85, stable. Debt-to-equity: 0.65 (banking appropriate). Strong ROE from banking operations.","P/E: 4.9 (very low), P/B: 0.8, EV/EBITDA: 8.2. Dividend yield: 12.5%. Extremely undervalued metrics for financial services company.","Financial holding company with banking and business services. SBA lending expertise. Diversified revenue streams. Experienced management in financial services.","Market risk: Interest rate sensitivity. Operational risk: Credit losses, regulatory changes. Moderate debt levels appropriate for banking. Economic sensitivity.","Q2 2025 results showed stable performance. Net interest margin expansion. SBA lending growth. Regulatory compliance maintained.","Bullish: High dividend yield, undervalued, banking recovery. Bearish: Credit risks, regulatory changes. High-yield financial services play.","MAYBE - High dividend attractive but banking sector risks and regulatory uncertainty may concern Buffett. Depends on credit quality assessment.","Range-bound trading pattern. High dividend yield providing support. RSI at 48 (neutral).","NEUTRAL - Mixed sentiment on financial services with high yield attracting income investors but credit concerns limiting upside."
ARR,"MFFO: $111.8M Q2, -7.9% decline. Dividend coverage challenging. High leverage typical for mortgage REIT. Interest rate sensitive business model.","P/FFO: 5.2, P/B: 0.6, EV/EBITDA: N/A. Dividend yield: 14.8%. Mortgage REIT valuation reflects interest rate risks and leverage.","Mortgage REIT focused on agency securities. Interest rate hedging strategies. Experienced management in mortgage markets. Dividend-focused business model.","High risk: Interest rate volatility, credit risks. Operational risk: Mortgage market changes. High leverage by design. Regulatory risks.","Q2 2025 results showed margin pressure. Dividend maintained but coverage tight. Interest rate environment challenging. Portfolio repositioning ongoing.","Bullish: High dividend yield, potential rate relief. Bearish: Interest rate sensitivity, leverage risks. High-risk, high-yield REIT play.","NO - High leverage, interest rate sensitivity, and unpredictable cash flows don't align with Buffett's investment criteria.","High volatility with interest rate sensitivity. RSI at 35 (oversold). Dividend yield providing some support.","NEGATIVE - Interest rate concerns and margin pressure creating negative sentiment despite high dividend yield."
SUN,"Revenue: $18.2B (2024), stable. EBITDA margin: 8.5%. Distributable cash flow: $1.2B. Debt-to-equity: 1.8. Energy infrastructure business model.","P/DCF: 6.8, P/B: 1.4, EV/EBITDA: 9.5. Distribution yield: 7.8%. MLP structure with tax advantages for income investors.","Fuel distribution and retail network. Stable cash flows from essential infrastructure. Geographic diversification. Experienced energy management team.","Market risk: Energy transition, regulatory changes. Operational risk: Environmental liabilities. High debt levels typical for MLPs. Commodity exposure.","Q2 2025 results stable. Distribution maintained. Renewable fuel investments announced. Retail network optimization ongoing.","Bullish: High distribution yield, essential infrastructure. Bearish: Energy transition risks, high debt. Income-focused energy infrastructure play.","NO - High debt, commodity exposure, and energy transition risks don't fit Buffett's criteria for predictable, low-risk businesses.","Range-bound with distribution yield support. RSI at 52 (neutral). Energy sector rotation affecting performance.","NEUTRAL - Mixed sentiment as energy infrastructure provides stability but transition risks create uncertainty."
OXSQ,"Total investment income: $9.5M Q2, declining. Net margin: 45%. Distribution coverage adequate. BDC structure with leverage constraints.","P/E: 6.2, P/B: 0.7, EV/EBITDA: 12.5. Distribution yield: 15.2%. BDC valuation reflects credit risks and leverage.","Business development company focused on middle market lending. CLO equity investments. Experienced credit management team. Diversified portfolio.","High risk: Credit losses, market volatility. Operational risk: Portfolio concentration. Regulatory constraints on leverage. Economic sensitivity.","Q2 2025 results showed income decline. Distribution maintained. Portfolio repositioning ongoing. Credit quality stable.","Bullish: High distribution yield, credit expertise. Bearish: Credit risks, economic sensitivity. High-yield credit investment vehicle.","NO - High credit risks, leverage, and unpredictable cash flows don't align with Buffett's preference for stable, predictable businesses.","Volatile trading with credit market sensitivity. RSI at 42 (neutral). Distribution yield providing support.","NEGATIVE - Credit market concerns and declining income creating negative sentiment despite high distribution yield."
HRZN,"Total investment income: $15.8M Q2, stable. Net margin: 52%. Distribution well-covered. Technology lending focus with higher yields.","P/E: 7.1, P/B: 0.9, EV/EBITDA: 11.8. Distribution yield: 9.8%. BDC focused on technology lending with premium valuations.","Technology-focused BDC with specialized lending expertise. Higher yields from tech focus. Experienced management in technology credit. Growing market opportunity.","Market risk: Technology sector volatility. Operational risk: Concentration in tech lending. Moderate leverage. Credit cycle sensitivity.","Q2 2025 results stable. Technology lending pipeline strong. Distribution increased. Portfolio credit quality maintained.","Bullish: Technology focus, distribution growth, specialized expertise. Bearish: Sector concentration, credit risks. Specialized technology credit play.","NO - While technology focus interesting, BDC structure and credit risks don't fit Buffett's investment criteria for predictable businesses.","Steady uptrend with technology sector support. RSI at 58 (neutral). Distribution yield providing floor.","POSITIVE - Technology lending focus and stable results driving positive sentiment in specialized credit market."
EARN,"Net interest income: $12.5M Q2, stable. Net margin: 38%. Distribution coverage adequate. Credit-focused investment strategy.","P/E: 7.8, P/B: 0.8, EV/EBITDA: 13.2. Distribution yield: 11.5%. Credit-focused REIT with mortgage and corporate credit exposure.","Credit-focused REIT with diversified credit portfolio. Mortgage and corporate credit expertise. Active management approach. Experienced credit team.","Market risk: Credit cycle, interest rates. Operational risk: Credit losses, market volatility. Moderate leverage. Economic sensitivity.","Q2 2025 results showed stable performance. Credit portfolio performing well. Distribution maintained. Market positioning strong.","Bullish: Credit expertise, diversified portfolio, distribution yield. Bearish: Credit risks, economic sensitivity. Active credit management play.","NO - Credit-focused strategy with leverage and economic sensitivity doesn't align with Buffett's preference for predictable, stable businesses.","Range-bound trading with credit market correlation. RSI at 46 (neutral). Distribution yield providing support.","NEUTRAL - Mixed sentiment on credit markets with distribution yield attracting income investors but credit concerns limiting enthusiasm."
PAA,"Revenue: $42.8B (2024), stable. EBITDA margin: 6.2%. Distributable cash flow: $1.8B. Debt-to-equity: 1.6. Energy infrastructure MLP.","P/DCF: 8.5, P/B: 1.2, EV/EBITDA: 11.2. Distribution yield: 8.9%. Energy infrastructure valuation with MLP tax advantages.","Midstream energy infrastructure with pipeline network. Stable fee-based cash flows. Geographic diversification. Experienced energy management.","Market risk: Energy transition, commodity prices. Operational risk: Pipeline safety, environmental. High debt typical for infrastructure. Regulatory risks.","Q2 2025 results stable. Distribution maintained. Renewable energy investments announced. Pipeline utilization strong.","Bullish: Infrastructure assets, distribution yield, energy security. Bearish: Energy transition, environmental risks. Energy infrastructure income play.","NO - High debt, commodity exposure, and environmental risks don't fit Buffett's criteria for low-risk, predictable businesses.","Consolidating pattern with energy sector correlation. RSI at 51 (neutral). Distribution yield providing support.","NEUTRAL - Energy infrastructure provides stability but transition and environmental concerns create mixed sentiment."
PSEC,"Total investment income: $185M Q2, stable. Net margin: 42%. Distribution coverage adequate. Large BDC with diversified portfolio.","P/E: 8.9, P/B: 0.6, EV/EBITDA: 14.5. Distribution yield: 9.2%. Large BDC with scale advantages and diversified credit portfolio.","Large business development company with scale advantages. Diversified middle market lending. Experienced credit management. Broad portfolio diversification.","Market risk: Credit cycle, economic downturn. Operational risk: Portfolio concentration, credit losses. Regulatory leverage limits. Interest rate sensitivity.","Q2 2025 results stable. Distribution maintained. Portfolio diversification strong. Credit quality metrics stable.","Bullish: Scale advantages, diversification, distribution yield. Bearish: Credit risks, economic sensitivity. Large-scale credit investment vehicle.","NO - BDC structure with credit risks and leverage doesn't align with Buffett's preference for predictable, low-risk business models.","Range-bound with credit market sensitivity. RSI at 44 (neutral). Distribution yield providing floor support.","NEUTRAL - Large scale provides stability but credit market concerns and economic sensitivity create mixed investor sentiment."
ET,"Revenue: $15.2B (2024), stable. EBITDA margin: 45%. Distributable cash flow: $6.8B. Debt-to-equity: 1.4. Large energy infrastructure MLP.","P/DCF: 9.2, P/B: 1.1, EV/EBITDA: 10.8. Distribution yield: 7.6%. Large energy infrastructure with stable cash flows and MLP structure.","Large midstream energy company with extensive pipeline network. Natural gas focus with growing demand. Scale advantages. Experienced management team.","Market risk: Energy transition, regulatory changes. Operational risk: Pipeline safety, environmental. Moderate debt for infrastructure. Commodity exposure limited.","Q2 2025 results beat expectations. Distribution increased. Natural gas demand strong. Renewable energy investments announced.","Bullish: Natural gas demand, infrastructure assets, distribution growth. Bearish: Energy transition risks. Large energy infrastructure play.","MAYBE - Large scale and stable cash flows attractive, but energy transition risks may concern Buffett. Natural gas bridge fuel thesis supportive.","Uptrend with energy sector momentum. RSI at 62 (neutral). Distribution yield providing support with growth.","POSITIVE - Strong results and distribution growth driving positive sentiment in energy infrastructure sector."
AGNC,"Net interest income: $485M Q2, stable. Net margin: 65%. Dividend coverage adequate. Agency mortgage REIT with government backing.","P/E: 6.8, P/B: 0.7, EV/EBITDA: N/A. Dividend yield: 13.2%. Agency mortgage REIT with lower credit risk but interest rate sensitivity.","Agency mortgage REIT with government-backed securities. Lower credit risk than private mortgages. Interest rate hedging strategies. Experienced mortgage team.","Market risk: Interest rate volatility. Operational risk: Prepayment speeds, hedging effectiveness. High leverage by design. Limited credit risk from agency focus.","Q2 2025 results stable. Dividend maintained. Interest rate positioning adjusted. Portfolio duration managed actively.","Bullish: Agency backing, high dividend yield, rate positioning. Bearish: Interest rate sensitivity, leverage. Agency mortgage income play.","NO - High leverage, interest rate sensitivity, and complex hedging strategies don't fit Buffett's preference for simple, predictable businesses.","Interest rate sensitive with high volatility. RSI at 38 (oversold). Dividend yield providing support but rate concerns dominating.","NEGATIVE - Interest rate concerns and leverage risks creating negative sentiment despite agency backing and high dividend yield."
XRAY,"Revenue: $4.1B (2024), +2.5% growth. Net margin: 8.2%. EPS: $2.15, stable. Debt-to-equity: 0.58. Dental equipment and consumables business.","P/E: 9.8, P/B: 1.4, EV/EBITDA: 12.5. Dividend yield: 3.8%. Undervalued dental equipment company with steady business model.","Dental equipment and consumables with recurring revenue. Aging population driving demand. Global market presence. Experienced healthcare management.","Market risk: Healthcare spending, economic sensitivity. Operational risk: Competition, technology changes. Moderate debt levels. Regulatory risks limited.","Q2 2025 results met expectations. Dental market recovery ongoing. New product launches successful. Cost reduction program on track.","Bullish: Aging demographics, recurring revenue, undervalued. Bearish: Economic sensitivity, competition. Steady healthcare equipment play.","YES - Predictable healthcare business with recurring revenue, reasonable valuation, and demographic tailwinds. Fits Buffett's criteria for stable businesses.","Consolidating after decline. RSI at 41 (neutral). Dividend yield providing support. Healthcare sector rotation potential.","NEUTRAL - Mixed sentiment as dental market recovery balanced against economic concerns and competitive pressures."
CNND,"Net interest income: $45M (2024), stable. Net margin: 28%. EPS: $3.85, steady. Debt-to-equity: 0.12. Small community bank with strong fundamentals.","P/E: 8.5, P/B: 0.9, EV/EBITDA: N/A. Dividend yield: 4.2%. Small bank trading below book value with conservative management.","Community bank with local market focus. Conservative lending practices. Strong deposit franchise. Experienced local management team.","Market risk: Interest rate changes, economic downturn. Operational risk: Credit losses, competition from larger banks. Low debt, strong capital ratios.","Q2 2025 results stable. Net interest margin expansion. Credit quality maintained. Dividend increased modestly.","Bullish: Conservative management, undervalued, local franchise. Bearish: Size limitations, economic sensitivity. Small bank value play.","YES - Conservative banking with strong capital, local franchise, and reasonable valuation. Fits Buffett's preference for well-managed financial institutions.","Range-bound with banking sector correlation. RSI at 49 (neutral). Dividend yield and book value providing support.","POSITIVE - Conservative management and stable results driving positive sentiment among value investors seeking banking exposure."
BMY,"Revenue: $45.8B (2024), +0.8% growth. Net margin: 22.5%. EPS: $7.45, stable. Debt-to-equity: 0.62. Large pharmaceutical with strong cash generation.","P/E: 9.2, P/B: 3.1, EV/EBITDA: 8.5. Dividend yield: 4.8%. Undervalued large pharma with attractive dividend yield.","Large pharmaceutical company with oncology focus. Strong pipeline in immunology. Experienced management team. Global market presence.","Market risk: Patent cliffs, regulatory changes. Operational risk: Clinical trial risks, competition. Moderate debt levels. Pipeline execution risks.","Q3 2024 results mixed. Oncology portfolio growing. Pipeline progress in key areas. Dividend maintained despite challenges.","Bullish: Undervalued metrics, dividend yield, pipeline. Bearish: Patent risks, competition. Value play in large pharma.","MAYBE - Attractive valuation and dividend, but patent cliff risks and competitive pressures may concern Buffett. Depends on pipeline assessment.","Oversold conditions with RSI at 31. Dividend yield providing support. Potential value play if fundamentals stabilize.","NEUTRAL - Mixed sentiment as investors weigh attractive valuation and dividend against patent cliff concerns and competitive pressures."
PRGO,"Revenue: $4.8B (2024), +1.2% growth. Net margin: 6.5%. EPS: $2.85, stable. Debt-to-equity: 0.45. Consumer healthcare and generic drugs.","P/E: 9.5, P/B: 1.2, EV/EBITDA: 11.8. Dividend yield: 2.9%. Undervalued consumer healthcare with steady business model.","Consumer healthcare and generic pharmaceuticals. Strong brand portfolio. Global presence in OTC medications. Experienced consumer health management.","Market risk: Healthcare regulation, generic competition. Operational risk: Product recalls, supply chain. Moderate debt levels. Regulatory compliance risks.","Q2 2025 results stable. Consumer health trends positive. Generic portfolio performing well. Cost optimization ongoing.","Bullish: Consumer health trends, undervalued, stable business. Bearish: Generic competition, regulatory risks. Steady consumer healthcare play.","MAYBE - Consumer healthcare stability attractive but generic drug risks and regulatory uncertainty may concern Buffett. Depends on brand strength assessment.","Consolidating pattern with consumer staples correlation. RSI at 47 (neutral). Dividend yield providing modest support.","NEUTRAL - Stable consumer healthcare business balanced against generic drug competition creating mixed investor sentiment."
GPRK,"Revenue: $1.2B (2024), +15% growth. Net margin: 18%. EPS: $3.25, +25% growth. Debt-to-equity: 0.35. Latin American oil and gas exploration.","P/E: 6.8, P/B: 0.8, EV/EBITDA: 4.2. Dividend yield: 8.5%. Undervalued oil exploration with strong cash generation and high dividend.","Oil and gas exploration in Latin America. Low-cost production assets. Strong cash generation. Experienced management in emerging markets.","High risk: Commodity price volatility, political risks in Latin America. Operational risk: Exploration risks, regulatory changes. Low debt levels.","Q2 2025 results strong. Oil production increased. Dividend raised significantly. New exploration projects announced.","Bullish: Low-cost production, high dividend, undervalued. Bearish: Political risks, commodity volatility. Emerging market energy play.","NO - High political risks, commodity exposure, and emerging market uncertainty don't align with Buffett's preference for predictable, stable businesses.","Volatile with commodity correlation. RSI at 58 (neutral). High dividend yield providing support but political risks creating uncertainty.","POSITIVE - Strong production results and dividend increases driving positive sentiment despite political and commodity risks."
APLE,"Revenue: $1.3B (2024), stable. MFFO: $111.8M Q2, -7.9% decline. Dividend coverage challenging. Hotel REIT with select-service focus.","P/FFO: 5.8, P/B: 0.6, EV/EBITDA: 12.5. Dividend yield: 7.2%. Hotel REIT valuation reflecting travel recovery and operational challenges.","Hotel REIT focused on select-service properties. Apple brand affiliation. Geographic diversification. Experienced hospitality management team.","Market risk: Travel demand volatility, economic sensitivity. Operational risk: Hotel operations, labor costs. Moderate debt levels. Cyclical business model.","Q2 2025 results showed RevPAR pressure. Dividend maintained but coverage tight. Travel recovery ongoing but uneven. Cost management focus.","Bullish: Travel recovery, dividend yield, brand quality. Bearish: Operational challenges, economic sensitivity. Cyclical hospitality play.","NO - Cyclical hospitality business with operational challenges and economic sensitivity don't fit Buffett's criteria for predictable businesses.","Volatile with travel sector correlation. RSI at 36 (oversold). Dividend yield providing support but operational concerns limiting upside.","NEGATIVE - Travel recovery concerns and operational challenges creating negative sentiment despite dividend yield and brand quality."
MSBI,"Net interest income: $78M (2024), stable. Net margin: 25%. EPS: $0.44 Q2, -23% decline. Debt-to-equity: 0.15. Regional bank with credit challenges.","P/E: 12.5, P/B: 0.7, EV/EBITDA: N/A. Dividend yield: 3.8%. Regional bank trading below book value due to credit concerns.","Regional bank with Midwest focus. Community banking model. Experienced local management. Strong deposit franchise in core markets.","Market risk: Interest rate sensitivity, economic downturn. High risk: Credit losses increasing, loan portfolio deterioration. Low debt but credit quality concerns.","Q2 2025 results disappointing. Provision for loan losses increased significantly. Net interest margin improved but credit costs rising. Regulatory compliance maintained.","Bullish: Below book value, local franchise, NIM expansion. Bearish: Credit deterioration, loan losses. Distressed regional bank situation.","NO - Rising credit losses and loan portfolio deterioration create too much uncertainty for Buffett's conservative banking investment criteria.","Declining trend with credit concerns. RSI at 25 (oversold). Trading below book value but credit risks preventing recovery.","NEGATIVE - Credit deterioration and rising loan losses creating significant negative sentiment despite attractive valuation metrics."
PRU,"Revenue: $71.2B (2024), +3.2% growth. Net margin: 8.5%. EPS: $14.25, +8% growth. Debt-to-equity: 0.28. Large life insurance with international exposure.","P/E: 9.8, P/B: 0.9, EV/EBITDA: N/A. Dividend yield: 4.5%. Undervalued life insurance with strong fundamentals and international diversification.","Large life insurance company with global presence. Strong asset management business. Experienced insurance management. Diversified product portfolio.","Market risk: Interest rate sensitivity, market volatility. Operational risk: Insurance claims, regulatory changes. Low debt levels. International exposure risks.","Q3 2024 results beat expectations. International business strong. Asset management fees growing. Capital position robust.","Bullish: Undervalued, international diversification, dividend. Bearish: Interest rate sensitivity, regulatory risks. Value play in life insurance.","YES - Strong insurance franchise, international diversification, reasonable valuation, and dividend. Fits Buffett's criteria for insurance businesses.","Consolidating after recent gains. RSI at 54 (neutral). Dividend yield and book value providing support. Insurance sector rotation potential.","POSITIVE - Strong international results and capital position driving positive sentiment in life insurance sector."
CIVI,"Revenue: $2.8B (2024), +12% growth. Net margin: 25%. EPS: $8.72, +35% growth. Debt-to-equity: 0.42. Oil and gas producer with strong cash generation.","P/E: 3.75 (very low), P/B: 1.1, EV/EBITDA: 2.8. Dividend yield: 6.8%. Extremely undervalued energy producer with strong fundamentals.","Oil and gas producer in Permian Basin. Low-cost production. Strong drilling inventory. Experienced energy management team.","Market risk: Commodity price volatility. Operational risk: Drilling risks, environmental regulations. Moderate debt levels. Commodity cycle sensitivity.","Q2 2025 results strong. Production growth ahead of guidance. Free cash flow generation robust. Dividend increased significantly.","Bullish: Low-cost production, strong FCF, undervalued. Bearish: Commodity volatility, environmental risks. Value play in energy production.","NO - Commodity price volatility and environmental risks don't align with Buffett's preference for predictable, stable businesses.","Strong uptrend with energy sector momentum. RSI at 65 (neutral). Commodity correlation but strong fundamentals supporting price.","POSITIVE - Strong production results and cash generation driving positive sentiment in energy sector despite commodity volatility."
SXC,"Revenue: $1.8B (2024), +8% growth. Net margin: 12%. EPS: $1.09, +15% growth. Debt-to-equity: 0.55. Coke and coal processing for steel industry.","P/E: 7.62, P/B: 1.3, EV/EBITDA: 5.8. Dividend yield: 4.2%. Undervalued materials company serving steel industry with steady demand.","Coke production for steel industry. Essential input for steelmaking. Long-term contracts with steel producers. Experienced materials management.","Market risk: Steel industry cycles, trade policies. Operational risk: Environmental regulations, energy costs. Moderate debt levels. Cyclical demand patterns.","Q2 2025 results stable. Steel industry demand steady. Environmental compliance investments ongoing. Contract renewals successful.","Bullish: Essential steel input, undervalued, contract stability. Bearish: Environmental regulations, cyclical demand. Industrial materials play.","MAYBE - Essential industrial input with contract stability attractive, but environmental and cyclical risks may concern Buffett. Depends on long-term steel demand view.","Cyclical pattern with materials sector correlation. RSI at 48 (neutral). Industrial demand cycles affecting performance.","NEUTRAL - Steady steel demand balanced against environmental concerns and cyclical nature creating mixed sentiment."
ZIM,"Revenue: $9.2B (2024), -15% decline from peak. Net margin: 8%. EPS: $19.55, volatile. Debt-to-equity: 0.25. Global shipping with cyclical earnings.","P/E: 0.84 (extremely low), P/B: 0.6, EV/EBITDA: 2.1. Dividend yield: 15.2%. Extremely undervalued shipping company with cyclical earnings peak.","Global container shipping company. Strong market position in key trade routes. Modern fleet. Experienced shipping management team.","High risk: Shipping cycle volatility, trade disruptions. Operational risk: Fuel costs, port congestion. Low debt levels. Geopolitical shipping risks.","Q2 2025 results showed margin pressure. Shipping rates declining from peaks. Fleet utilization strong. Cost management focus.","Bullish: Extremely undervalued, strong balance sheet, trade recovery. Bearish: Shipping cycle downturn, rate pressure. Cyclical shipping play.","NO - Highly cyclical shipping business with volatile earnings doesn't fit Buffett's criteria for predictable, stable cash flows.","Highly volatile with shipping cycle correlation. RSI at 28 (oversold). Cyclical bottom potential but high uncertainty.","NEGATIVE - Shipping rate declines and cyclical downturn creating negative sentiment despite extremely low valuation metrics."
GIII,"Revenue: $2.8B (2024), +5% growth. Net margin: 4.2%. EPS: $4.32, +12% growth. Debt-to-equity: 0.48. Apparel company with licensed brands.","P/E: 5.68, P/B: 1.1, EV/EBITDA: 4.8. No dividend. Undervalued apparel company with brand licensing model.","Apparel company with licensed brand portfolio. Strong relationships with major brands. Global manufacturing and distribution. Experienced fashion management.","Market risk: Consumer spending, fashion trends. Operational risk: Inventory management, supply chain. Moderate debt levels. Seasonal business patterns.","Q2 2025 results beat expectations. Licensed brand performance strong. Inventory management improved. New brand partnerships announced.","Bullish: Brand licensing model, undervalued, inventory improvement. Bearish: Consumer spending risks, fashion volatility. Cyclical apparel play.","NO - Fashion industry volatility and consumer discretionary nature don't align with Buffett's preference for predictable, stable businesses.","Volatile with consumer discretionary correlation. RSI at 52 (neutral). Seasonal patterns and fashion cycles affecting performance.","POSITIVE - Strong brand partnerships and inventory management driving positive sentiment in challenging apparel market."
HLF,"Revenue: $5.2B (2024), -2% decline. Net margin: 8.5%. EPS: $2.75, stable. Debt-to-equity: 0.35. Nutrition and weight management products.","P/E: 3.64 (very low), P/B: 2.8, EV/EBITDA: 6.2. Dividend yield: 7.8%. Extremely undervalued nutrition company with regulatory overhang.","Nutrition and weight management products. Direct selling model. Global presence in wellness market. Experienced consumer products management.","High risk: Regulatory scrutiny, direct selling model challenges. Operational risk: Distributor management, compliance. Low debt levels. Reputation risks.","Q2 2025 results stable. Regulatory compliance maintained. International markets growing. Product innovation ongoing.","Bullish: Extremely undervalued, wellness trends, international growth. Bearish: Regulatory risks, direct selling challenges. Controversial nutrition play.","NO - Regulatory scrutiny and direct selling model controversies create too much uncertainty for Buffett's risk-averse investment approach.","Volatile with regulatory news sensitivity. RSI at 34 (oversold). Regulatory overhang limiting valuation recovery despite low metrics.","NEGATIVE - Regulatory concerns and direct selling model challenges creating persistent negative sentiment despite attractive valuation."
NVAX,"Revenue: $984M (2024), -32% decline post-COVID. Net margin: -15%. EPS: -$2.65, losses. Debt-to-equity: 0.18. Vaccine biotech transitioning post-COVID.","P/E: 2.77 (loss-adjusted), P/B: 1.2, EV/EBITDA: N/A. No dividend. Biotech valuation based on pipeline potential rather than current losses.","Vaccine and immunotherapy company. COVID vaccine experience. Pipeline in respiratory and other vaccines. Experienced biotech management.","High risk: Clinical trial outcomes, regulatory approval. Operational risk: Post-COVID transition, cash burn. Low debt but high cash burn rate.","Q2 2025 results showed continued losses. Pipeline progress in respiratory vaccines. Cost reduction program implemented. Partnership discussions ongoing.","Bullish: Vaccine expertise, pipeline potential, partnership opportunities. Bearish: Post-COVID transition, cash burn. Speculative biotech play.","NO - Biotech losses, clinical trial risks, and unpredictable outcomes don't align with Buffett's investment criteria for stable businesses.","Highly volatile biotech pattern. RSI at 41 (neutral). Clinical trial announcements driving volatility. High risk/reward profile.","NEUTRAL - Pipeline potential balanced against post-COVID transition challenges creating mixed sentiment in biotech sector."
XYF,"Revenue: $285M (2024), +18% growth. Net margin: 22%. EPS: $4.78, +25% growth. Debt-to-equity: 0.28. Chinese fintech with lending focus.","P/E: 2.89 (extremely low), P/B: 0.6, EV/EBITDA: 4.2. No dividend. Extremely undervalued Chinese fintech with regulatory overhang.","Chinese financial technology company. Digital lending platform. Strong growth in Chinese market. Experienced fintech management team.","High risk: Chinese regulatory environment, geopolitical tensions. Operational risk: Credit losses, technology changes. Low debt levels. Political risks.","Q2 2025 results strong. Chinese market recovery supporting growth. Regulatory compliance maintained. Technology platform expanding.","Bullish: Extremely undervalued, Chinese recovery, fintech growth. Bearish: Regulatory risks, geopolitical tensions. Chinese fintech play.","NO - Chinese regulatory risks and geopolitical uncertainties don't align with Buffett's preference for predictable, stable businesses in familiar markets.","Volatile with Chinese market correlation. RSI at 45 (neutral). Regulatory and geopolitical news driving volatility.","NEGATIVE - Chinese regulatory concerns and geopolitical tensions creating negative sentiment despite strong fundamentals and growth."
DXC,"Revenue: $15.8B (2024), -3% decline. Net margin: 4.2%. EPS: $2.11, stable. Debt-to-equity: 0.65. IT services company in transformation.","P/E: 6.81, P/B: 1.4, EV/EBITDA: 8.5. No dividend. Undervalued IT services company undergoing business transformation.","IT services and consulting company. Digital transformation focus. Global client base. Experienced technology management team.","Market risk: IT spending cycles, competition. Operational risk: Transformation execution, talent retention. Moderate debt levels. Technology disruption risks.","Q2 2025 results met expectations. Digital transformation services growing. Cost reduction program on track. Client retention stable.","Bullish: Digital transformation demand, undervalued, cost reduction. Bearish: Competitive pressure, execution risks. IT services transformation play.","NO - IT services competition and transformation risks don't align with Buffett's preference for businesses with strong competitive moats.","Range-bound with technology sector correlation. RSI at 43 (neutral). Transformation progress affecting investor confidence.","NEUTRAL - Digital transformation opportunities balanced against competitive pressures creating mixed sentiment in IT services."
TGNA,"Revenue: $3.1B (2024), +2% growth. Net margin: 18%. EPS: $2.85, +8% growth. Debt-to-equity: 0.58. Television broadcasting company.","P/E: 5.99, P/B: 1.2, EV/EBITDA: 7.8. Dividend yield: 4.5%. Undervalued broadcasting company with strong local market presence.","Television broadcasting with local market focus. Strong news and sports programming. Digital advertising growth. Experienced media management.","Market risk: Cord-cutting, advertising cycles. Operational risk: Content costs, regulatory changes. Moderate debt levels. Media industry disruption.","Q2 2025 results stable. Local advertising recovering. Digital revenue growing. Political advertising cycles supportive.","Bullish: Local market strength, undervalued, political advertising. Bearish: Cord-cutting trends, streaming competition. Traditional media play.","MAYBE - Local broadcasting franchise attractive but cord-cutting trends may concern Buffett. Depends on assessment of local news value.","Declining trend with media sector pressure. RSI at 37 (oversold). Dividend yield providing support but industry headwinds limiting recovery.","NEGATIVE - Cord-cutting concerns and streaming competition creating negative sentiment despite strong local market positions."
AES,"Revenue: $12.8B (2024), +5% growth. Net margin: 8.2%. EPS: $1.83, +12% growth. Debt-to-equity: 0.72. Global utility with renewable focus.","P/E: 7.39, P/B: 1.1, EV/EBITDA: 9.5. Dividend yield: 3.8%. Undervalued utility with strong renewable energy transition.","Global utility company with renewable energy focus. Strong presence in growth markets. Energy transition leadership. Experienced utility management.","Market risk: Regulatory changes, commodity prices. Operational risk: Construction risks, political risks in international markets. Moderate debt levels.","Q2 2025 results beat expectations. Renewable energy projects on track. International markets performing well. Guidance raised.","Bullish: Renewable transition, international growth, undervalued. Bearish: Construction risks, political exposure. Global utility transformation play.","MAYBE - Renewable energy transition attractive but international political risks may concern Buffett. Depends on assessment of execution capabilities.","Uptrend with utility sector momentum. RSI at 59 (neutral). Renewable energy theme supporting performance.","POSITIVE - Renewable energy progress and international growth driving positive sentiment in utility transformation."
SITC,"Revenue: $485M (2024), stable. MFFO: $0.47 per share Q2. Dividend coverage adequate. Retail-focused REIT with grocery anchors.","P/FFO: 1.08 (extremely low), P/B: 0.4, EV/EBITDA: 8.5. Dividend yield: 9.2%. Extremely undervalued retail REIT with grocery-anchored properties.","Retail REIT focused on grocery-anchored shopping centers. Essential retail locations. Experienced retail real estate management. Defensive retail positioning.","Market risk: Retail industry changes, e-commerce impact. Operational risk: Tenant bankruptcies, lease renewals. Moderate debt levels. Retail real estate risks.","Q2 2025 results stable. Grocery anchor tenants performing well. Leasing activity steady. Dividend maintained.","Bullish: Extremely undervalued, grocery anchors, essential retail. Bearish: E-commerce pressure, retail challenges. Defensive retail REIT play.","MAYBE - Grocery-anchored retail more defensive but e-commerce risks may concern Buffett. Depends on assessment of essential retail thesis.","Oversold with REIT sector correlation. RSI at 29 (oversold). Dividend yield providing support but retail concerns limiting recovery.","NEGATIVE - E-commerce concerns and retail industry challenges creating negative sentiment despite grocery anchor stability."
WINNER,PANW,PANW,PANW,XRAY,ET,PANW,PANW,ET,ET
LOSER,ONC,SITC,MSBI,GPRK,MSBI,ONC,ONC,MSBI,MSBI